feature,f_test_rank,mutual_info_rank,random_forest_rank,correlation_rank,gradient_boosting_rank,avg_rank,final_rank,f_test_score,mutual_info_score,random_forest_score,correlation_score,gradient_boosting_score
sensor_129,3.0,40.0,5.0,5.0,39.0,18.4,1.0,14.66404350986035,0.01041365862272814,0.01421487448198184,0.10622171109850956,0.008692287444422301
sensor_124,12.0,13.0,45.0,14.0,12.0,19.2,2.0,8.412844724059758,0.01823179190873403,0.006105831623334746,0.07619078163374828,0.021370772950508654
sensor_059,2.0,97.0,2.0,1.0,3.0,21.0,3.0,20.14596763253955,0.002763658003001712,0.02267690646648011,0.1378265818647094,0.031999337152902596
sensor_033,68.0,16.0,3.0,4.0,20.0,22.2,4.0,2.1987796978649348,0.016446531095590133,0.021036148485183256,0.11055577264487576,0.013387219387982157
sensor_064,5.0,61.0,6.0,39.0,1.0,22.4,5.0,13.675520628582817,0.006991758816047744,0.014080751682680952,0.054463479851227826,0.03953936631005143
sensor_510,1.0,17.0,4.0,2.0,109.0,26.6,6.0,26.408693311027722,0.016317050712793657,0.018685252833434828,0.12149374728553196,0.0017388325463348283
sensor_126,44.0,11.0,18.0,36.0,29.0,27.6,7.0,3.542335096482008,0.020471733860311092,0.008329301532405842,0.05690418729663657,0.009953225417648148
sensor_122,11.0,21.0,24.0,11.0,84.0,30.2,8.0,9.11002050113129,0.015625329234367102,0.00735607058012269,0.08388766117311489,0.0031375349566302815
sensor_065,15.0,23.0,11.0,45.0,65.0,31.8,9.0,7.2706787627307365,0.01486737485477252,0.012191520536943203,0.05073291959287334,0.004956392938203514
sensor_205,40.0,102.0,1.0,3.0,14.0,32.0,10.0,4.05324092446028,0.0020059136067578365,0.02360218373468674,0.11758597805455867,0.017994873279996198
sensor_180,13.0,57.0,42.0,10.0,57.0,35.8,11.0,8.00290338474133,0.007313864515409385,0.006238660633553722,0.0848492370746917,0.006068563443280791
sensor_433,33.0,14.0,68.0,52.0,16.0,36.6,12.0,4.571264018214422,0.016756327554532824,0.005236682030939497,0.04734019137474989,0.017483586773666425
sensor_511,23.0,29.0,25.0,21.0,86.0,36.8,13.0,5.475095973130828,0.013528545400726788,0.00728682276569723,0.06729674943772979,0.003085899828923341
sensor_431,4.0,117.0,20.0,15.0,40.0,39.2,14.0,14.09007245886178,8.87433932770243e-05,0.007787285674570078,0.07579996272019147,0.008555589630988432
sensor_063,21.0,41.0,37.0,35.0,64.0,39.6,15.0,5.5262803674089485,0.010400051129194843,0.006410577461529395,0.0573423508419172,0.005022874574060937
sensor_070,17.0,10.0,85.0,26.0,68.0,41.2,16.0,5.775633037563217,0.02067769561458488,0.004678488886641615,0.06424011128340859,0.004543208747947067
sensor_573,39.0,30.0,90.0,43.0,10.0,42.4,17.0,4.196259537264083,0.013371385451995454,0.004500205474566966,0.053248488046564624,0.02182690109528108
sensor_021,6.0,92.0,7.0,9.0,103.0,43.4,18.0,12.463757913501183,0.003391948554945845,0.013947233607354085,0.09240340542139654,0.00213341888421227
sensor_115,55.0,49.0,36.0,56.0,25.0,44.2,19.0,2.6663382625481353,0.008706169249055318,0.006424175752501573,0.045157043016336336,0.011747351324542629
sensor_125,7.0,18.0,12.0,8.0,183.0,45.6,20.5,11.306549548039825,0.01620580008726269,0.010726422648993005,0.09276246982785794,1.5141124870665509e-05
sensor_133,52.0,20.0,48.0,58.0,50.0,45.6,20.5,2.816048479958034,0.015760916540373593,0.006034872209182915,0.04441229249424312,0.007322355561382316
sensor_014,14.0,42.0,54.0,16.0,106.0,46.4,22.0,7.879654981149793,0.009708230009843666,0.005839610678661982,0.07441596896261868,0.0018330272774420473
sensor_200,29.0,86.0,14.0,20.0,91.0,48.0,23.0,5.029599949664174,0.0039381571023371365,0.009130971945956148,0.06939021140690008,0.002758065936916387
sensor_160,16.0,100.0,31.0,24.0,76.0,49.4,24.0,6.185549076485764,0.0023354932694401587,0.006862358125285001,0.06538028520018983,0.004190467259359294
sensor_028,10.0,66.0,13.0,13.0,150.0,50.4,25.0,9.328319622524536,0.006494359062472643,0.01027831658153758,0.07877655641863839,0.0003729521701732159
sensor_519,24.0,38.0,8.0,6.0,185.0,52.2,26.5,5.2068595840690115,0.010790525437505805,0.013943932293408791,0.1041279146168945,7.39171944616961e-06
sensor_488,41.0,112.0,9.0,44.0,55.0,52.2,26.5,3.7585677306772567,0.0005267329769287343,0.012516388203188096,0.05212022782579999,0.00611761565734846
sensor_417,82.0,50.0,51.0,25.0,72.0,56.0,28.0,1.492364142750426,0.008591374092376869,0.005928715426460388,0.06516276748897395,0.0042282994542326485
sensor_138,27.0,32.0,109.0,72.0,45.0,57.0,29.0,5.096773983233856,0.012824158038386768,0.0041488492857976,0.03649014583931909,0.008146030605374839
sensor_022,19.0,76.0,73.0,67.0,60.0,59.0,30.5,5.6547206440994096,0.0051420520222216215,0.005076505381290845,0.04015341689852339,0.0054307642033148175
sensor_203,47.0,94.0,47.0,66.0,41.0,59.0,30.5,3.401112487671504,0.0032529878793559064,0.006045822679395612,0.040494959325195555,0.00854581928798548
sensor_040,64.0,39.0,156.0,23.0,22.0,60.8,32.5,2.44737681475591,0.010569501694710493,0.002965463878160812,0.06572290919595059,0.012961219286559737
sensor_225,96.0,36.0,61.0,84.0,27.0,60.8,32.5,1.0605799302968306,0.011002993997017096,0.005538230876965608,0.03272826095611907,0.010310875915300128
sensor_416,72.0,7.0,53.0,60.0,114.0,61.2,34.5,1.9953952600005145,0.021114192017321676,0.005883238336262274,0.04316118548573063,0.001453750591329247
sensor_038,66.0,63.0,100.0,73.0,4.0,61.2,34.5,2.289226557859091,0.006617335299054838,0.00426615718284398,0.036210203154221035,0.028972804926546414
sensor_159,43.0,84.0,50.0,37.0,97.0,62.2,36.0,3.5764872510091554,0.004329676756374079,0.005931311985224636,0.05487164818831916,0.0023960673858152808
sensor_316,9.0,157.0,15.0,7.0,132.0,64.0,37.0,10.1916274504043,0.0,0.00862051962875012,0.09434628459802875,0.0007630218872338437
sensor_123,25.0,48.0,16.0,59.0,173.0,64.2,38.0,5.1109577037250284,0.008711275803001906,0.008585592509140703,0.04317833411472814,7.451420234499917e-05
sensor_043,69.0,90.0,39.0,82.0,47.0,65.4,39.0,2.0714286839241653,0.003523303781479692,0.0063185159527534476,0.03375688743852088,0.0075615107866004545
sensor_443,63.0,3.0,65.0,54.0,143.0,65.6,40.0,2.4591404365424308,0.024498664667698566,0.005302859918340339,0.0464393669792006,0.00043123973138469097
sensor_181,53.0,110.0,63.0,55.0,52.0,66.6,41.0,2.769848015618708,0.0010029147248620252,0.005508687873238112,0.0453168464425444,0.006762333739077891
sensor_035,90.0,31.0,142.0,40.0,36.0,67.8,42.0,1.1505869917628364,0.012936827578347021,0.0033322732141435074,0.05434854683413876,0.009101093571296789
sensor_000,114.0,109.0,17.0,47.0,53.0,68.0,43.0,0.543844099176299,0.0010901781404777378,0.008347608392522705,0.05048894950273486,0.00665896024796491
sensor_183,20.0,157.0,33.0,17.0,115.0,68.4,44.0,5.628634987503396,0.0,0.006501746823391918,0.0742917683121615,0.0014383751741628215
sensor_423,31.0,157.0,29.0,34.0,92.0,68.6,45.0,4.868079968401238,0.0,0.006933949437228555,0.05911225538547376,0.002602019692385816
sensor_571,70.0,8.0,43.0,192.0,32.0,69.0,46.0,2.023563210145452,0.020849281758124283,0.006185647753323195,0.0011755117429710108,0.009859104330256272
sensor_562,48.0,89.0,143.0,64.0,2.0,69.2,47.0,3.3453160899180943,0.003664145670432939,0.0033176524739146375,0.041669323448300044,0.033248988358216235
sensor_037,57.0,44.0,55.0,28.0,172.0,71.2,48.0,2.5844247539298237,0.009489417978679082,0.005838263873206542,0.06311835755962605,7.606312466697782e-05
sensor_175,34.0,79.0,32.0,27.0,188.0,72.0,49.0,4.429697395784156,0.004796269032519396,0.006756088967491837,0.06352643040068592,1.5869807373108358e-06
sensor_269,88.0,9.0,116.0,116.0,33.0,72.4,50.0,1.2893528887588532,0.020754679829536382,0.003950526766436632,0.022175112489171943,0.009857336005053145
sensor_460,32.0,157.0,67.0,33.0,74.0,72.6,51.0,4.789069052972313,0.0,0.005267671161055338,0.05942276514433664,0.0042046766672822105
sensor_031,45.0,99.0,10.0,119.0,96.0,73.8,52.0,3.510941612408208,0.0024621018751234125,0.012264305840117885,0.02147400051585136,0.002443728594032821
sensor_195,54.0,47.0,121.0,42.0,108.0,74.4,53.0,2.7303270598646816,0.008915913697134403,0.003817685753278026,0.053290548769975875,0.0017841801287546296
sensor_480,78.0,73.0,62.0,75.0,85.0,74.6,54.5,1.8127063635343281,0.005505510747460418,0.0055183802391717985,0.035770766851226335,0.0031174079324789686
sensor_170,59.0,67.0,91.0,90.0,66.0,74.6,54.5,2.5174846381463527,0.006295796542882703,0.004480633454702428,0.02996003990171443,0.00476616815301015
sensor_134,79.0,34.0,83.0,81.0,99.0,75.2,56.0,1.7316341157867123,0.011755035250525125,0.004707287471806486,0.033908057446340685,0.002376966902942843
sensor_489,74.0,45.0,84.0,83.0,95.0,76.2,57.0,1.934066515689302,0.009235385195810242,0.004704634726008839,0.033453561406432804,0.0024670031859745246
sensor_128,75.0,2.0,123.0,46.0,141.0,77.4,58.0,1.9077183491564766,0.026357477466730783,0.0038115943414128418,0.050600824765932376,0.0004493618045914384
sensor_025,137.0,54.0,28.0,152.0,19.0,78.0,59.0,0.21086885440490824,0.007539040737357894,0.007004168229555834,0.009075800935010259,0.01393776179387155
sensor_270,83.0,33.0,129.0,18.0,146.0,81.8,60.0,1.4677995487284305,0.012296129825632551,0.0037313718475255092,0.07143535523820269,0.00040717766343731875
sensor_572,112.0,51.0,87.0,98.0,62.0,82.0,61.0,0.6101298542107881,0.008380167712949582,0.004562284832121909,0.027085726505857142,0.005201820417797013
sensor_117,132.0,74.0,59.0,99.0,49.0,82.6,62.0,0.26408985215293623,0.005385625070466249,0.005564347858694481,0.02624697781157922,0.007355333989813421
sensor_083,129.0,43.0,88.0,110.0,44.0,82.8,63.0,0.2885962509275982,0.009663682060485623,0.0045373135433563125,0.023532232774192897,0.008252003997275652
sensor_182,100.0,25.0,56.0,140.0,94.0,83.0,64.0,0.9387229926880932,0.01421102301121735,0.005742989256557135,0.013187824206534492,0.002489701931646644
sensor_250,121.0,81.0,44.0,70.0,104.0,84.0,65.0,0.4129371145573817,0.00457035400414485,0.006163064957153936,0.03819718055075267,0.002120837025102746
sensor_026,35.0,55.0,176.0,127.0,28.0,84.2,66.5,4.391972617442435,0.007462442478207931,0.0025174593879898634,0.01698942157540501,0.010195384016642602
sensor_413,160.0,12.0,130.0,101.0,18.0,84.2,66.5,0.09547041807645709,0.020045129378531756,0.0037145402110651256,0.026105192868881345,0.014381974119606816
sensor_197,28.0,157.0,180.0,31.0,34.0,86.0,68.0,5.045456108524703,0.0,0.0021986182978477632,0.059941847104561644,0.009819756442882743
sensor_547,58.0,65.0,41.0,76.0,193.0,86.6,69.0,2.519582466421453,0.0065789827010263036,0.0062526451109991,0.03563123731268843,0.0
sensor_068,30.0,157.0,96.0,51.0,107.0,88.2,70.0,4.966752954872863,0.0,0.004357941652732859,0.04771210316665154,0.0018299843811438237
sensor_430,8.0,104.0,132.0,32.0,168.0,88.8,71.0,10.875200197780337,0.0017822241228340197,0.0036633033518353587,0.05953810283133897,0.00010181214182771206
sensor_120,92.0,114.0,169.0,63.0,7.0,89.0,72.0,1.1000066887325652,0.00019076111781646254,0.00270883805103821,0.041794678394069695,0.024338313470382376
sensor_002,107.0,19.0,117.0,182.0,21.0,89.2,73.0,0.7318009951462148,0.015789831546583866,0.00394584313273399,0.0031228664748578707,0.012971927275196363
sensor_570,174.0,6.0,40.0,190.0,38.0,89.6,74.0,0.04822762924853519,0.02203270030794724,0.006268584781568305,0.0012819738368252684,0.008724586608083725
sensor_163,18.0,157.0,107.0,29.0,140.0,90.2,75.0,5.736390202096565,0.0,0.004178265283241825,0.060857307385709145,0.0004518815648076924
sensor_484,65.0,157.0,82.0,68.0,83.0,91.0,76.0,2.339672410784001,0.0,0.004782997041603297,0.03841382982060287,0.00322769448399542
sensor_336,60.0,157.0,114.0,12.0,113.0,91.2,77.0,2.4721243018453105,0.0,0.0039968252519250545,0.0795526969695877,0.001490929542124782
sensor_468,50.0,157.0,19.0,41.0,193.0,92.0,78.0,3.052488719767733,0.0,0.007949997723555336,0.05416233914005241,0.0
sensor_499,37.0,157.0,118.0,30.0,125.0,93.4,79.0,4.339999242451168,0.0,0.003913349962240564,0.06060920449093214,0.000987972872380217
sensor_055,109.0,85.0,66.0,78.0,130.0,93.6,80.5,0.6380603507233192,0.004089273456185483,0.005299785831982517,0.0354642209931598,0.0008020149136603345
sensor_067,62.0,157.0,120.0,106.0,23.0,93.6,80.5,2.4645323451452557,0.0,0.0038591303136025017,0.02421536235768904,0.012934622466742363
sensor_155,102.0,82.0,99.0,38.0,148.0,93.8,82.5,0.907835389236868,0.004404869366410047,0.004308041941158473,0.054684185659695385,0.00040129509052268594
sensor_268,157.0,22.0,124.0,149.0,17.0,93.8,82.5,0.11217603708970789,0.015309756913208128,0.0037759969475748304,0.009617045673916295,0.01460265987388103
sensor_090,51.0,157.0,21.0,48.0,193.0,94.0,84.0,2.8919321674126057,0.0,0.0075359705724846356,0.048826234170269586,0.0
sensor_135,101.0,157.0,92.0,22.0,100.0,94.4,85.0,0.9289535061174607,0.0,0.004480381723175806,0.0665135059300204,0.0022986209984537727
sensor_048,104.0,157.0,26.0,77.0,110.0,94.8,86.0,0.7680866042679403,0.0,0.007255271723537995,0.0354913094671711,0.001704244968614989
sensor_429,153.0,87.0,34.0,148.0,59.0,96.2,87.0,0.12250822082087676,0.003934210185035258,0.006494895399731323,0.009643557314710867,0.005648895032631126
sensor_016,190.0,157.0,78.0,53.0,5.0,96.6,88.0,0.006007564786046932,0.0,0.00494888330267475,0.046509985850270594,0.026090093791817603
sensor_539,186.0,15.0,106.0,169.0,8.0,96.8,89.5,0.01020290804394725,0.016558642367679344,0.0041823799467968405,0.00656070951590554,0.022487183011256365
sensor_034,108.0,68.0,49.0,117.0,142.0,96.8,89.5,0.6859205248623886,0.006146663484912329,0.005966664618643394,0.02184234211685998,0.00044187614352763667
sensor_589,131.0,1.0,105.0,87.0,163.0,97.4,91.0,0.26746376860377524,0.026534224868764333,0.004196080437622738,0.03214267634198399,0.00018605157950216415
sensor_500,93.0,157.0,71.0,102.0,69.0,98.4,92.0,1.0998270999705524,0.0,0.005108842753078744,0.025583776901904973,0.004440418239119553
sensor_426,152.0,157.0,70.0,109.0,6.0,98.8,93.0,0.12267430554601244,0.0,0.005111108742844655,0.02374959045187803,0.025688512427990893
sensor_208,77.0,157.0,140.0,74.0,48.0,99.2,94.0,1.8853529391480968,0.0,0.0033546013820926366,0.036094585272669504,0.007486268835732623
sensor_188,99.0,157.0,93.0,89.0,61.0,99.8,95.5,0.9478344748699383,0.0,0.004473083770606064,0.03031465979173137,0.005234154094657661
sensor_051,151.0,75.0,52.0,184.0,37.0,99.8,95.5,0.13005444348255255,0.005201844882292583,0.00590369611434121,0.0023243900440879013,0.008932610348646222
sensor_024,113.0,56.0,113.0,122.0,102.0,101.2,97.0,0.5833203803349194,0.007358232762762373,0.0040018410675760644,0.01918509078099435,0.0021427185117511363
sensor_088,124.0,115.0,46.0,145.0,77.0,101.4,98.0,0.354311778695804,0.00013901052885012533,0.006095142656592688,0.011036429810044683,0.0038249678313194975
sensor_273,67.0,26.0,122.0,135.0,159.0,101.8,99.0,2.2652186440140025,0.014109920380336538,0.0038131285616833975,0.015201800689481163,0.0002747848614962933
sensor_207,76.0,157.0,72.0,49.0,161.0,103.0,100.0,1.8887245772433012,0.0,0.005081147607371511,0.04830655325657177,0.00020525360161006685
sensor_062,111.0,95.0,97.0,91.0,123.0,103.4,101.5,0.6102701435900072,0.003224227239966071,0.004326371204300246,0.029724692460545956,0.0010552030709788695
sensor_019,86.0,69.0,64.0,114.0,184.0,103.4,101.5,1.410211685237358,0.006141346522903657,0.005386391953145865,0.02258327724220809,1.3910275168055624e-05
sensor_096,87.0,157.0,115.0,118.0,43.0,104.0,103.0,1.3180301186424779,0.0,0.003974690733967677,0.021736219835023652,0.00830100065696115
sensor_218,106.0,157.0,38.0,94.0,136.0,106.2,104.0,0.7330404526967855,0.0,0.006342290157991549,0.02844716345086326,0.0006591583905333253
sensor_061,94.0,70.0,181.0,100.0,87.0,106.4,105.0,1.0887823854288143,0.00601918616831143,0.0021222320613082514,0.0261671362599143,0.003056262207703966
sensor_187,154.0,88.0,77.0,57.0,157.0,106.6,106.0,0.11916291550664669,0.0037554838213567088,0.004990750358506642,0.04483326730033814,0.0002772895183195609
sensor_471,22.0,157.0,103.0,115.0,137.0,106.8,107.0,5.49329027360594,0.0,0.004226361462312637,0.022321242512259577,0.0006574947815562662
sensor_523,140.0,157.0,152.0,62.0,26.0,107.4,108.5,0.18482099430092294,0.0,0.003047618125466496,0.042318136531047275,0.011397742438930807
sensor_139,138.0,157.0,30.0,177.0,35.0,107.4,108.5,0.1970976808575901,0.0,0.006932359932349083,0.004067716031392856,0.009200027724486394
sensor_164,49.0,157.0,145.0,157.0,30.0,107.6,110.0,3.104014476221669,0.0,0.003163833401623973,0.008082514614515873,0.009926273502889391
sensor_563,89.0,93.0,35.0,150.0,174.0,108.2,111.0,1.2503865543547052,0.0033299813734515293,0.006447928510680019,0.009614681053388549,7.435632889593888e-05
sensor_345,173.0,157.0,23.0,19.0,176.0,109.6,112.0,0.0503125791010987,0.0,0.0073584947748666,0.07051875067671354,4.3043047852762207e-05
sensor_559,81.0,107.0,144.0,65.0,152.0,109.8,113.0,1.5373040707452932,0.0015848278855361553,0.0032477001099199907,0.04124967565536871,0.00034326836785354844
sensor_412,130.0,4.0,101.0,162.0,154.0,110.2,114.0,0.27930807217582,0.02411909063874651,0.004240229304892951,0.007430110119860026,0.0003298587736102449
sensor_486,110.0,157.0,110.0,86.0,89.0,110.4,115.0,0.6143521162395186,0.0,0.004129695128662476,0.032464189068580784,0.002979144112175329
sensor_569,71.0,157.0,182.0,85.0,58.0,110.6,116.0,2.0009011590569794,0.0,0.0020875751192583904,0.03263068881833787,0.005951470200196244
sensor_066,46.0,157.0,160.0,50.0,144.0,111.4,117.0,3.411091041504989,0.0,0.0028449391877669655,0.04784517493414539,0.0004097529794953591
sensor_039,127.0,53.0,81.0,176.0,122.0,111.8,118.0,0.3179133278013951,0.007648162409012116,0.00480521147164097,0.004529047386020254,0.0011024181694663784
sensor_420,195.0,157.0,74.0,88.0,54.0,113.6,119.0,6.806274496533414e-07,0.0,0.005041268528214233,0.03161436799517112,0.006220066714001453
sensor_526,116.0,58.0,104.0,131.0,160.0,113.8,120.0,0.5152747118014154,0.0073099179870432796,0.004223205656719081,0.016501395825073394,0.0002056936708080491
sensor_550,42.0,157.0,128.0,170.0,73.0,114.0,122.0,3.6520300550434444,0.0,0.0037379687707356415,0.0063145438616571455,0.004217295301555002
sensor_047,134.0,157.0,22.0,139.0,118.0,114.0,122.0,0.24847898785668474,0.0,0.007524528329681426,0.013329759074070097,0.0013059498583088936
sensor_196,36.0,116.0,186.0,134.0,98.0,114.0,122.0,4.370806074395892,9.529067579672201e-05,0.0020161749958469595,0.015920323096476167,0.002390069899504627
sensor_029,150.0,106.0,89.0,185.0,42.0,114.4,124.0,0.1344077651617571,0.0016800871651014848,0.004531925908772369,0.002293441475701439,0.008476893952429473
sensor_161,189.0,157.0,27.0,69.0,131.0,114.6,125.0,0.006684847500499316,0.0,0.007103358413741608,0.038316955225762374,0.0008006157980261477
sensor_072,184.0,78.0,76.0,71.0,167.0,115.2,126.5,0.014879551835534929,0.004878987433196702,0.0049938185112513266,0.037961460044054735,0.0001342167394071493
sensor_006,146.0,28.0,164.0,167.0,71.0,115.2,126.5,0.1503366529169829,0.014056080752833822,0.0027423404769431146,0.006924423171944573,0.0042854017811332756
sensor_419,105.0,157.0,58.0,92.0,165.0,115.4,128.0,0.7635073247357268,0.0,0.005632734229240194,0.028683438501091937,0.00016504958483366453
sensor_444,181.0,91.0,60.0,166.0,82.0,116.0,129.0,0.01945504274629491,0.003403161783300357,0.005557726482673132,0.006933304667471293,0.003303650961708985
sensor_525,125.0,157.0,98.0,136.0,80.0,119.2,130.5,0.3385041920095494,0.0,0.00432454727911509,0.014381088404365878,0.0035641302738527334
sensor_551,26.0,157.0,175.0,137.0,101.0,119.2,130.5,5.1048110250555245,0.0,0.002519150181422908,0.014278047994726095,0.002292444078538342
sensor_150,163.0,113.0,111.0,143.0,67.0,119.4,133.0,0.0839921654221508,0.0005009148352945747,0.004061151411147634,0.011914718504331605,0.004646270297424315
sensor_071,144.0,157.0,127.0,138.0,31.0,119.4,133.0,0.16122783074809727,0.0,0.0037562496387717713,0.014083852275873462,0.009903368814222177
sensor_166,80.0,157.0,157.0,124.0,79.0,119.4,133.0,1.6618125563173756,0.0,0.0029272703294501447,0.018067794782093582,0.0036812908939565267
sensor_015,182.0,35.0,112.0,155.0,117.0,120.2,135.0,0.01941852225898602,0.011689720769602507,0.004036514870444629,0.008437003569841936,0.0013075321425821786
sensor_177,164.0,60.0,191.0,133.0,56.0,120.8,136.0,0.08091655700306022,0.007034169067049678,0.001563346636345508,0.016186776115796955,0.006090076295935462
sensor_136,176.0,80.0,166.0,174.0,9.0,121.0,137.0,0.03735512810931427,0.004719684681691927,0.002718388768693321,0.005048012127912698,0.022140369415704717
sensor_472,128.0,157.0,119.0,128.0,75.0,121.4,138.0,0.301262899450141,0.0,0.003874937202431327,0.016953853013007943,0.00420191604845358
sensor_137,177.0,27.0,86.0,181.0,139.0,122.0,139.0,0.03729070929348661,0.014094788053261142,0.00462335772462876,0.0033313328102424575,0.0006033549573602376
sensor_045,126.0,157.0,69.0,153.0,111.0,123.2,140.5,0.3184494367589864,0.0,0.005210400249716326,0.008800744372933697,0.00162681710265495
sensor_585,191.0,46.0,162.0,129.0,88.0,123.2,140.5,0.00250268540639353,0.008960978374753958,0.002801529289203748,0.016891751528275756,0.0030367699100023867
sensor_482,120.0,105.0,125.0,105.0,162.0,123.4,142.0,0.4227496447429122,0.0017260815199784396,0.0037751387890748766,0.02462230338195071,0.0002042862535161977
sensor_432,119.0,59.0,184.0,79.0,178.0,123.8,143.0,0.4365128863317879,0.007069272937680893,0.002047810574025128,0.03469814884816143,3.157793022529168e-05
sensor_012,167.0,71.0,153.0,188.0,51.0,126.0,144.0,0.06591838124917986,0.005827929308670932,0.003036115813099637,0.0015614223458854045,0.007005760266082442
sensor_439,158.0,157.0,135.0,172.0,13.0,127.0,145.0,0.1091588059449482,0.0,0.003504648035079534,0.005948486798465286,0.01866896136298203
sensor_476,169.0,157.0,141.0,158.0,11.0,127.2,146.0,0.06298492287258053,0.0,0.003347965656797184,0.00794905930027252,0.02170662948335179
sensor_142,117.0,24.0,170.0,141.0,186.0,127.6,147.0,0.493110983314505,0.01437685235713615,0.0026912414013834486,0.012087877805211991,2.80593146835449e-06
sensor_520,145.0,157.0,183.0,93.0,63.0,128.2,148.5,0.16082658173108122,0.0,0.00207491450352322,0.028673392432256237,0.005126421847849294
sensor_050,97.0,157.0,108.0,97.0,182.0,128.2,148.5,0.9573842946029951,0.0,0.004160828210247349,0.027147457192304346,1.5603523592211095e-05
sensor_151,122.0,157.0,146.0,113.0,105.0,128.6,150.5,0.37920168806231985,0.0,0.003135458533406023,0.02316405710085317,0.001961937268083816
sensor_496,155.0,157.0,94.0,111.0,126.0,128.6,150.5,0.11790152250655683,0.0,0.004370802233588959,0.023430559614243698,0.0009718463979776802
sensor_032,142.0,64.0,147.0,126.0,166.0,129.0,152.0,0.1668767823159446,0.006607243886723513,0.003083473952652504,0.017184639225955967,0.00013664462350808016
sensor_023,115.0,157.0,134.0,107.0,133.0,129.2,153.0,0.5283499288079937,0.0,0.003533641623454883,0.024188740444358856,0.0007619814437963605
sensor_198,56.0,157.0,154.0,146.0,134.0,129.4,154.0,2.5942962477772293,0.0,0.0030233201208221126,0.010992086809138055,0.0007285068020930409
sensor_483,133.0,77.0,95.0,179.0,164.0,129.6,155.5,0.25354238784906585,0.005119561755291713,0.0043664812123552915,0.0035674588956805444,0.00016782794612557164
sensor_073,136.0,52.0,165.0,175.0,120.0,129.6,155.5,0.22644456545975977,0.008354409581283084,0.0027193284823257245,0.0046577899039538205,0.0012744159769752098
sensor_223,162.0,157.0,136.0,123.0,78.0,131.2,157.0,0.0863937381330219,0.0,0.003481378439122043,0.01856852700355589,0.003704208899470723
sensor_184,175.0,101.0,75.0,151.0,155.0,131.4,158.0,0.041809097269221975,0.0022395282520293325,0.005011677934665342,0.009191107735204406,0.0003238661862320838
sensor_473,185.0,157.0,80.0,144.0,93.0,131.8,159.0,0.014502724426858493,0.0,0.004824443428690907,0.011577591931959898,0.0025919274283098034
sensor_545,85.0,103.0,190.0,103.0,180.0,132.2,160.0,1.4188243790416806,0.0019158982318425721,0.0016954122668657841,0.025323257853590752,2.712793091231249e-05
sensor_098,139.0,98.0,167.0,120.0,138.0,132.4,161.0,0.18644837870006495,0.002544755174121116,0.002717388246728325,0.02139926442727003,0.0006548843982837216
sensor_521,61.0,157.0,194.0,61.0,190.0,132.6,162.0,2.471003253163509,0.0,4.2065666596067285e-18,0.0427075045593669,5.748371839333082e-09
sensor_060,91.0,157.0,151.0,80.0,187.0,133.2,163.0,1.1197201251622009,0.0,0.003048450802253539,0.0346307540496592,1.96233248722375e-06
sensor_494,73.0,157.0,139.0,125.0,175.0,133.8,164.0,1.9921084480214812,0.0,0.0034362707183040312,0.01751279856541225,4.9291124471462474e-05
sensor_546,98.0,157.0,189.0,112.0,116.0,134.4,165.0,0.9488466463455287,0.0,0.0018084124509116179,0.023349510937601518,0.0014145567466079994
sensor_487,161.0,157.0,171.0,163.0,24.0,135.2,166.0,0.09016867464788636,0.0,0.002674748097991579,0.0072673220369619505,0.01215724712510194
sensor_337,38.0,157.0,187.0,173.0,127.0,136.4,167.0,4.24208578828278,0.0,0.00195378880748502,0.005194391076838105,0.000911032613197351
sensor_491,170.0,118.0,188.0,96.0,112.0,136.8,168.0,0.0591756853923165,5.075795104447778e-06,0.0019089273998452443,0.027538012180441357,0.0015881115968237147
sensor_201,95.0,157.0,133.0,132.0,169.0,137.2,169.0,1.0641840114014334,0.0,0.0035744582154807834,0.016257450003826744,0.00010169966828881967
sensor_001,118.0,157.0,159.0,104.0,149.0,137.4,170.0,0.4792639092930069,0.0,0.0028493470905869046,0.025315448846144978,0.0003922297722512817
sensor_169,179.0,157.0,150.0,187.0,15.0,137.6,171.0,0.026302793282683146,0.0,0.0030525809928547533,0.0022268076589990037,0.017578244819493116
sensor_167,188.0,108.0,193.0,154.0,46.0,137.8,172.0,0.008921723747766102,0.0011273565741463099,0.0012523172697203012,0.008509103996016301,0.008041396741139458
sensor_418,103.0,157.0,177.0,95.0,158.0,138.0,173.0,0.7925838648035508,0.0,0.002405893951563829,0.02804919944980759,0.0002767390884195528
sensor_003,168.0,37.0,192.0,142.0,153.0,138.4,174.0,0.06501082423732431,0.010803320677436057,0.001318239289383929,0.012087801874450882,0.0003330578267594014
sensor_041,192.0,5.0,149.0,161.0,193.0,140.0,175.5,0.0009561657923195539,0.02219725546453244,0.0030621186249842275,0.00751447002967439,0.0
sensor_202,135.0,157.0,155.0,108.0,145.0,140.0,175.5,0.2435266883990348,0.0,0.003000860795638871,0.02409558842916381,0.0004086728550637659
sensor_555,141.0,157.0,179.0,156.0,70.0,140.6,177.5,0.17272654891518288,0.0,0.002216193046512058,0.008204121815427998,0.004419833541784807
sensor_154,187.0,72.0,102.0,171.0,171.0,140.6,177.5,0.009671954888703233,0.005695171616702854,0.004231765612519488,0.006232381816234443,8.64379725428414e-05
sensor_442,166.0,111.0,57.0,193.0,177.0,140.8,179.0,0.06879163848716313,0.000622430229369586,0.00569986548177974,0.0011755117393856566,3.5715172238347106e-05
sensor_493,194.0,157.0,79.0,191.0,90.0,142.2,180.0,2.5567252369579948e-06,0.0,0.004900308199313289,0.0012376106490329599,0.0028840272782627505
sensor_044,180.0,157.0,137.0,130.0,128.0,146.4,181.0,0.024902415712238724,0.0,0.0034513700827593346,0.016767550413520238,0.0008192074107936362
sensor_438,148.0,96.0,174.0,180.0,135.0,146.6,182.0,0.14190720037760068,0.003032185676392185,0.0025404144533382016,0.003522078387791887,0.0006812982923893627
sensor_046,143.0,157.0,131.0,147.0,156.0,146.8,183.0,0.16138283586159377,0.0,0.0036680556916163505,0.010912212785756334,0.00032156930198647983
sensor_204,84.0,157.0,148.0,195.0,151.0,147.0,184.0,1.4512003336957278,0.0,0.003078083951161582,0.00010202480518736921,0.00034679540837369185
sensor_255,159.0,157.0,172.0,168.0,81.0,147.4,185.0,0.10278387871020316,0.0,0.0026471295413530906,0.006693713024653739,0.003382635067014848
sensor_474,172.0,83.0,185.0,189.0,121.0,150.0,186.0,0.05703129032393849,0.004393414794188644,0.002040322601293644,0.0014106031570796098,0.001199275003868621
sensor_162,178.0,157.0,178.0,121.0,119.0,150.6,187.0,0.030894268762624126,0.0,0.0023884272234754663,0.02031180637472994,0.0012781061256621057
sensor_485,183.0,62.0,138.0,183.0,189.0,151.0,188.0,0.015570089969321278,0.006713353557167956,0.003437559598614548,0.003044996928560685,1.6535897248437375e-07
sensor_018,149.0,157.0,168.0,159.0,124.0,151.4,189.0,0.14093552817040123,0.0,0.0027103912368145067,0.0077183945506835334,0.0010282720390152344
sensor_564,123.0,157.0,158.0,165.0,170.0,154.6,190.0,0.36404469944978807,0.0,0.002890219521268778,0.007012484263902568,9.885436621869873e-05
sensor_004,147.0,157.0,163.0,178.0,129.0,154.8,191.0,0.14655862717517548,0.0,0.0027995457313471227,0.0036196881506230416,0.00080616615703834
sensor_185,156.0,157.0,161.0,186.0,147.0,161.4,192.0,0.11619268642584327,0.0,0.0028229305311676086,0.002257857560122994,0.00040455892410285106
sensor_549,171.0,157.0,126.0,194.0,179.0,165.4,193.0,0.058449325557110195,0.0,0.0037685481871792526,0.0002801407535030487,2.891042613297514e-05
sensor_548,193.0,157.0,173.0,164.0,181.0,173.6,194.0,6.975392160702679e-05,0.0,0.002585324744547889,0.007026115372062355,2.0156542428442743e-05
sensor_074,165.0,157.0,195.0,160.0,193.0,174.0,195.0,0.07088752605380962,0.0,0.0,0.007527381907856012,0.0
